officepublickey,Reason
12400713,Parent company's companypublickey & SFDC Id did not match with comapny table entries
12395778,Parent company's companypublickey & SFDC Id did not match with comapny table entries
12411570,Parent company's companypublickey & SFDC Id did not match with comapny table entries
12393804,Parent company's companypublickey & SFDC Id did not match with comapny table entries
12406635,Parent company's companypublickey & SFDC Id did not match with comapny table entries
12413544,Parent company's companypublickey & SFDC Id did not match with comapny table entries
12396765,Parent company's companypublickey & SFDC Id did not match with comapny table entries
12405648,Parent company's companypublickey & SFDC Id did not match with comapny table entries
12412557,Parent company's companypublickey & SFDC Id did not match with comapny table entries
12401700,Parent company's companypublickey & SFDC Id did not match with comapny table entries
12407622,Parent company's companypublickey & SFDC Id did not match with comapny table entries
12410583,Parent company's companypublickey & SFDC Id did not match with comapny table entries
12388869,Parent company's companypublickey & SFDC Id did not match with comapny table entries
12390843,Parent company's companypublickey & SFDC Id did not match with comapny table entries
12392817,Parent company's companypublickey & SFDC Id did not match with comapny table entries
12404661,Parent company's companypublickey & SFDC Id did not match with comapny table entries
12414531,Parent company's companypublickey & SFDC Id did not match with comapny table entries
12408609,Parent company's companypublickey & SFDC Id did not match with comapny table entries
12409596,Parent company's companypublickey & SFDC Id did not match with comapny table entries
12402687,Parent company's companypublickey & SFDC Id did not match with comapny table entries
12394791,Parent company's companypublickey & SFDC Id did not match with comapny table entries
